emoji,feeling
ğŸ˜€, Grinning face
â¤ï¸, Red heart
ğŸ˜‚, Face with tears of joy
ğŸ±, Cat face
ğŸŒŸ, Glowing star
ğŸ•, Slice of pizza
ğŸŒ, Earth globe Europe-Africa
ğŸš€, Rocket
ğŸ‰, Party popper
ğŸ“š, Books
ğŸ˜, Smiling face with sunglasses
ğŸ‘, Thumbs up
ğŸ˜¢, Crying face
ğŸ¦„, Unicorn
ğŸ£, Sushi
ğŸŒˆ, Rainbow
ğŸ–, Beach with umbrella
ğŸŒº, Hibiscus
ğŸ¶, Dog face
ğŸ•¶, Sunglasses
ğŸ”¥, Fire
ğŸŒ¸, Cherry blossom
âš½, Soccer ball
ğŸµ, Musical note
ğŸŒ™, Crescent moon
ğŸ§, Cupcake
ğŸ†, Trophy
ğŸ’¼, Briefcase
ğŸŒ, Sun with face
ğŸ“·, Camera
ğŸš´, Person biking
ğŸ’§, Droplet
ğŸŒ», Sunflower
ğŸ¥‚, Clinking glasses
ğŸ”, Hamburger
ğŸ¼, Panda face
ğŸ¡, House
ğŸ¨, Artist palette
ğŸš—, Car
ğŸ¦, Ice cream
ğŸŒ, Earth globe Europe-Africa
âœˆï¸, Airplane
ğŸ‚, Birthday cake
ğŸ’¡, Light bulb
ğŸ“…, Calendar
ğŸ’Œ, Love letter
ğŸ¬, Clapper board
ğŸ“, Telephone
ğŸ’», Laptop
ğŸ§³, Luggage
ğŸ¤, Microphone
ğŸ“–, Open book
ğŸ¥‡, 1st place medal
ğŸ’, Gem stone
ğŸš¦, Traffic light
ğŸŒ¹, Rose
ğŸŒŠ, Water wave
ğŸ¹, Musical keyboard
ğŸ§, Headphone
ğŸ§˜â€â™€ï¸, Woman in lotus position
ğŸ­, Performing arts
ğŸš¢, Ship
ğŸ‰, Watermelon
ğŸŒ , Shooting star
ğŸ›Œ, Person in bed
ğŸ›¤, Railway track
ğŸ› , Hammer and wrench
ğŸ’ª, Flexed biceps
ğŸ…, Sports medal
ğŸ’‰, Syringe
ğŸ©º, Stethoscope
ğŸ•°, Mantelpiece clock
ğŸ“«, Closed mailbox with raised flag
ğŸ§­, Compass
ğŸ¼, Musical score
ğŸ’³, Credit card
ğŸª, Circus tent
ğŸš‚, Locomotive
ğŸ’¿, Optical disk
ğŸ•¯, Candle
ğŸ“», Radio
ğŸ“, Triangular ruler
ğŸ§®, Abacus
ğŸ¯, Direct hit
ğŸ›, Bellhop bell
ğŸ›¡, Shield
ğŸ§¤, Gloves
ğŸ§¨, Firecracker
ğŸ“Š, Bar chart
ğŸ§±, Brick
ğŸ², Game die
ğŸšœ, Tractor
ğŸš¶, Person walking
ğŸ“Œ, Pushpin
ğŸ˜ƒ, Smiling face with open mouth
ğŸ˜¢, Crying face
ğŸ˜‡, Smiling face with halo
ğŸ˜œ, Face with stuck-out tongue and winking eye
ğŸ˜·, Face with medical mask
ğŸ˜¡, Pouting face
ğŸ˜, Smiling face with sunglasses
ğŸ˜´, Sleeping face
ğŸ¤”, Thinking face
ğŸ¤—, Hugging face
ğŸ¤©, Star-struck
ğŸ¤¯, Exploding head
ğŸ¤ª, Zany face
ğŸ¤‘, Money-mouth face
ğŸ¤¬, Face with symbols on mouth
ğŸ¥¶, Cold face
ğŸ¥³, Partying face
ğŸ¥º, Pleading face
ğŸ¤§, Sneezing face
ğŸ˜µ, Dizzy face
ğŸ¥±, Yawning face
ğŸ¤®, Face vomiting
ğŸ¥´, Woozy face
ğŸ¤“, Nerd face
ğŸ¤ , Cowboy hat face
ğŸ¤¡, Clown face
ğŸ¤¥, Lying face
ğŸ¤«, Shushing face
ğŸ¤­, Face with hand over mouth
ğŸ§, Face with monocle
ğŸ¥¸, Disguised face
ğŸ¥µ, Hot face
ğŸ¥º, Pleading face
ğŸ‘¶, Baby
ğŸ‘¦, Boy
ğŸ‘§, Girl
ğŸ‘¨, Man
ğŸ‘©, Woman
ğŸ‘±â€â™‚ï¸, Man with blond hair
ğŸ‘±â€â™€ï¸, Woman with blond hair
ğŸ‘´, Old man
ğŸ‘µ, Old woman
ğŸ‘¨â€âš•ï¸, Man health worker
ğŸ‘©â€âš•ï¸, Woman health worker
ğŸ‘¨â€ğŸ“, Man student
ğŸ‘©â€ğŸ“, Woman student
ğŸ‘¨â€ğŸ«, Man teacher
ğŸ‘©â€ğŸ«, Woman teacher
ğŸ‘¨â€âš–ï¸, Man judge
ğŸ‘©â€âš–ï¸, Woman judge
ğŸ‘¨â€ğŸŒ¾, Man farmer
ğŸ‘©â€ğŸŒ¾, Woman farmer
ğŸ‘¨â€ğŸ³, Man cook
ğŸ‘©â€ğŸ³, Woman cook
ğŸ‘¨â€ğŸ”§, Man mechanic
ğŸ‘©â€ğŸ”§, Woman mechanic
ğŸ‘¨â€ğŸ­, Man factory worker
ğŸ‘©â€ğŸ­, Woman factory worker
ğŸ‘¨â€ğŸ’¼, Man office worker
ğŸ‘©â€ğŸ’¼, Woman office worker
ğŸ‘¨â€ğŸ”¬, Man scientist
ğŸ‘©â€ğŸ”¬, Woman scientist
ğŸ‘¨â€ğŸ’», Man technologist
ğŸ‘©â€ğŸ’», Woman technologist
ğŸ‘¨â€ğŸ¤, Man singer
ğŸ‘©â€ğŸ¤, Woman singer
ğŸ‘¨â€ğŸ¨, Man artist
ğŸ‘©â€ğŸ¨, Woman artist
ğŸ‘¨â€âœˆï¸, Man pilot
ğŸ‘©â€âœˆï¸, Woman pilot
ğŸ‘¨â€ğŸš€, Man astronaut
ğŸ‘©â€ğŸš€, Woman astronaut
ğŸ‘¨â€ğŸš’, Man firefighter
ğŸ‘©â€ğŸš’, Woman firefighter
ğŸ‘®â€â™‚ï¸, Man police officer
ğŸ‘®â€â™€ï¸, Woman police officer
ğŸ•µï¸â€â™‚ï¸, Man detective
ğŸ•µï¸â€â™€ï¸, Woman detective
ğŸ’‚â€â™‚ï¸, Man guard
ğŸ’‚â€â™€ï¸, Woman guard
ğŸ‘·â€â™‚ï¸, Man construction worker
ğŸ‘·â€â™€ï¸, Woman construction worker
ğŸ¤´, Prince
ğŸ‘¸, Princess
ğŸ‘³â€â™‚ï¸, Man with turban
ğŸ‘³â€â™€ï¸, Woman with turban
ğŸ‘², Man with Chinese cap
ğŸ§•, Woman with headscarf
ğŸ§”, Bearded person
ğŸ‘±â€â™‚ï¸, Blond-haired man
ğŸ‘±â€â™€ï¸, Blond-haired woman
ğŸ‘¨â€ğŸ¦³, Man with white hair
ğŸ‘©â€ğŸ¦³, Woman with white hair
ğŸ‘¨â€ğŸ¦°, Man with red hair
ğŸ‘©â€ğŸ¦°, Woman with red hair
ğŸ‘¨â€ğŸ¦², Bald man
ğŸ‘©â€ğŸ¦², Bald woman
ğŸ§“, Older person
ğŸ§‘, Person
ğŸ‘­, Women holding hands
ğŸ‘«, Man and woman holding hands
ğŸ‘¬, Men holding hands
ğŸ‘­, Women holding hands
ğŸ’, Kiss
ğŸ’‘, Couple with heart
ğŸ‘ª, Family
ğŸ—£, Speaking head
ğŸ‘¤, Bust in silhouette
ğŸ‘¥, Busts in silhouette
ğŸ§‘â€âš•ï¸, Health worker
ğŸ§‘â€ğŸ“, Student
ğŸ§‘â€ğŸ«, Teacher
ğŸ§‘â€âš–ï¸, Judge
ğŸ§‘â€ğŸŒ¾, Farmer
ğŸ§‘â€ğŸ³, Cook
ğŸ§‘â€ğŸ”§, Mechanic
ğŸ§‘â€ğŸ­, Factory worker
ğŸ§‘â€ğŸ’¼, Office worker
ğŸ§‘â€ğŸ”¬, Scientist
ğŸ§‘â€ğŸ’», Technologist
ğŸ§‘â€ğŸ¤, Singer
ğŸ§‘â€ğŸ¨, Artist
ğŸ§‘â€âœˆï¸, Pilot
ğŸ§‘â€ğŸš€, Astronaut
ğŸ§‘â€ğŸš’, Firefighter
ğŸ‘®, Police officer
ğŸ•µï¸, Detective
ğŸ’‚, Guard
ğŸ‘·, Construction worker
ğŸ¤´, Prince
ğŸ‘¸, Princess
ğŸ‘³, Person wearing turban
ğŸ‘², Person with Chinese cap
ğŸ§•, Woman with headscarf
ğŸ‘±, Blond-haired person
ğŸ‘°, Person with veil
ğŸ¤µ, Person in tuxedo
ğŸ¤°, Pregnant woman
ğŸ¤±, Breast-feeding
ğŸ‘©â€ğŸ¼, Woman feeding baby
ğŸ‘¨â€ğŸ¼, Man feeding baby
ğŸ§‘â€ğŸ¼, Person feeding baby
ğŸ‘¼, Baby angel
ğŸ…, Santa Claus
ğŸ¤¶, Mrs. Claus
ğŸ§‘â€ğŸ„, Mx Claus
ğŸ¦¸, Superhero
ğŸ¦¹, Supervillain
ğŸ§™, Mage
ğŸ§š, Fairy
ğŸ§›, Vampire
ğŸ§œ, Mermaid
ğŸ§, Elf
ğŸ§, Genie
ğŸ§Ÿ, Zombie
ğŸ§Œ, Troll
ğŸ’†, Person getting massage
ğŸ’‡, Person getting haircut
ğŸš¶, Person walking
ğŸƒ, Person running
ğŸ’ƒ, Woman dancing
ğŸ•º, Man dancing
ğŸ•´, Person in suit levitating
ğŸ‘¯, People with bunny ears
ğŸ§–, Person in steamy room
ğŸ§—, Person climbing
ğŸ¤º, Person fencing
ğŸ‡, Horse racing
â›·, Skier
ğŸ‚, Snowboarder
ğŸŒï¸, Person golfing
ğŸ„, Person surfing
ğŸš£, Person rowing boat
ğŸŠ, Person swimming
ğŸ¤½, Person playing water polo
ğŸ¤¾, Person playing handball
ğŸ§˜, Person in lotus position
ğŸ›€, Person taking bath
ğŸ›Œ, Person in bed
ğŸ•´, Man in business suit levitating
ğŸ‹ï¸, Person lifting weights
ğŸš´, Person biking
ğŸšµ, Person mountain biking
ğŸ•´, Man in suit levitating
ğŸ§—â€â™‚ï¸, Man climbing
ğŸ§—â€â™€ï¸, Woman climbing
ğŸ„â€â™‚ï¸, Man surfing
ğŸ„â€â™€ï¸, Woman surfing
ğŸš£â€â™‚ï¸, Man rowing boat
ğŸš£â€â™€ï¸, Woman rowing boat
ğŸŠâ€â™‚ï¸, Man swimming
ğŸŠâ€â™€ï¸, Woman swimming
ğŸ¤½â€â™‚ï¸, Man playing water polo
ğŸ¤½â€â™€ï¸, Woman playing water polo
ğŸš´â€â™‚ï¸, Man biking
ğŸš´â€â™€ï¸, Woman biking
ğŸšµâ€â™‚ï¸, Man mountain biking
ğŸšµâ€â™€ï¸, Woman mountain biking
ğŸ¤¸â€â™‚ï¸, Man cartwheeling
ğŸ¤¸â€â™€ï¸, Woman cartwheeling
ğŸ¤¼â€â™‚ï¸, Men wrestling
ğŸ¤¼â€â™€ï¸, Women wrestling
ğŸ¤¹â€â™‚ï¸, Man juggling
ğŸ¤¹â€â™€ï¸, Woman juggling
ğŸ§–â€â™‚ï¸, Man in steamy room
ğŸ§–â€â™€ï¸, Woman in steamy room
ğŸ§˜â€â™‚ï¸, Man in lotus position
ğŸ§˜â€â™€ï¸, Woman in lotus position
ğŸ›€, Person taking bath
ğŸ›Œ, Person in bed
ğŸ§â€â™‚ï¸, Man standing
ğŸ§â€â™€ï¸, Woman standing
ğŸ§â€â™‚ï¸, Man kneeling
ğŸ§â€â™€ï¸, Woman kneeling
ğŸ‘¨â€ğŸ¦¯, Man with white cane
ğŸ‘©â€ğŸ¦¯, Woman with white cane
ğŸ‘¨â€ğŸ¦¼, Man in motorized wheelchair
ğŸ‘©â€ğŸ¦¼, Woman in motorized wheelchair
ğŸ‘¨â€ğŸ¦½, Man in manual wheelchair
ğŸ‘©â€ğŸ¦½, Woman in manual wheelchair
ğŸš¶â€â™‚ï¸, Man walking
ğŸš¶â€â™€ï¸, Woman walking
ğŸƒâ€â™‚ï¸, Man running
ğŸƒâ€â™€ï¸, Woman running
ğŸ‘«, Man and woman holding hands
ğŸ‘¬, Men holding hands
ğŸ‘­, Women holding hands
ğŸ’, Kiss
ğŸ’‘, Couple with heart
ğŸ‘ª, Family
ğŸ—£, Speaking head
ğŸ‘¤, Bust in silhouette
ğŸ‘¥, Busts in silhouette
ğŸ§‘â€âš•ï¸, Health worker
ğŸ§‘â€ğŸ“, Student
ğŸ§‘â€ğŸ«, Teacher
ğŸ§‘â€âš–ï¸, Judge
ğŸ§‘â€ğŸŒ¾, Farmer
ğŸ§‘â€ğŸ³, Cook
ğŸ§‘â€ğŸ”§, Mechanic
ğŸ§‘â€ğŸ­, Factory worker
ğŸ§‘â€ğŸ’¼, Office worker
ğŸ§‘â€ğŸ”¬, Scientist
ğŸ§‘â€ğŸ’», Technologist
ğŸ§‘â€ğŸ¤, Singer
ğŸ§‘â€ğŸ¨, Artist
ğŸ§‘â€âœˆï¸, Pilot
ğŸ§‘â€ğŸš€, Astronaut
ğŸ§‘â€ğŸš’, Firefighter
ğŸ‘®, Police officer
ğŸ•µï¸, Detective
ğŸ’‚, Guard
ğŸ‘·, Construction worker
ğŸ¤´, Prince
ğŸ‘¸, Princess
ğŸ‘³, Person wearing turban
ğŸ‘², Person with Chinese cap
ğŸ§•, Woman with headscarf
ğŸ‘±, Blond-haired person
ğŸ‘°, Person with veil
ğŸ¤µ, Person in tuxedo
ğŸ¤°, Pregnant woman
ğŸ¤±, Breast-feeding
ğŸ‘©â€ğŸ¼, Woman feeding baby
ğŸ‘¨â€ğŸ¼, Man feeding baby
ğŸ§‘â€ğŸ¼, Person feeding baby
ğŸ‘¼, Baby angel
ğŸ…, Santa Claus
ğŸ¤¶, Mrs. Claus
ğŸ§‘â€ğŸ„, Mx Claus
ğŸ¦¸, Superhero
ğŸ¦¹, Supervillain
ğŸ§™, Mage
ğŸ§š, Fairy
ğŸ§›, Vampire
ğŸ§œ, Mermaid
ğŸ§, Elf
ğŸ§, Genie
ğŸ§Ÿ, Zombie
ğŸ§Œ, Troll
ğŸ’†, Person getting massage
ğŸ’‡, Person getting haircut
ğŸš¶, Person walking
ğŸƒ, Person running
ğŸ§‘â€ğŸ„, Person with Santa hat
ğŸ¦¸â€â™‚ï¸, Man superhero
ğŸ¦¸â€â™€ï¸, Woman superhero
ğŸ¦¹â€â™‚ï¸, Man supervillain
ğŸ¦¹â€â™€ï¸, Woman supervillain
ğŸ‘¨â€ğŸ¦³, Man with white hair
ğŸ‘©â€ğŸ¦³, Woman with white hair
ğŸ‘¨â€ğŸ¦°, Man with red hair
ğŸ‘©â€ğŸ¦°, Woman with red hair
ğŸ‘¨â€ğŸ¦², Bald man
ğŸ‘©â€ğŸ¦², Bald woman
ğŸ§”â€â™‚ï¸, Man with beard
ğŸ§”â€â™€ï¸, Woman with beard
ğŸ¤·â€â™‚ï¸, Man shrugging
ğŸ¤·â€â™€ï¸, Woman shrugging
ğŸ’â€â™‚ï¸, Man tipping hand
ğŸ’â€â™€ï¸, Woman tipping hand
ğŸ™‹â€â™‚ï¸, Man raising hand
ğŸ™‹â€â™€ï¸, Woman raising hand
ğŸ™‡â€â™‚ï¸, Man bowing
ğŸ™‡â€â™€ï¸, Woman bowing
ğŸ¤¦â€â™‚ï¸, Man facepalming
ğŸ¤¦â€â™€ï¸, Woman facepalming
ğŸ¤°, Pregnant woman
ğŸ¤±, Breast-feeding
ğŸ§‘â€ğŸ¼, Person feeding baby
ğŸ‘¼, Baby angel
ğŸ…, Santa Claus
ğŸ¤¶, Mrs. Claus
ğŸ§‘â€ğŸ„, Mx Claus
ğŸ§™â€â™‚ï¸, Man mage
ğŸ§™â€â™€ï¸, Woman mage
ğŸ§šâ€â™‚ï¸, Man fairy
ğŸ§šâ€â™€ï¸, Woman fairy
ğŸ§›â€â™‚ï¸, Man vampire
ğŸ§›â€â™€ï¸, Woman vampire
ğŸ§œâ€â™‚ï¸, Man mermaid
ğŸ§œâ€â™€ï¸, Woman mermaid
ğŸ§â€â™‚ï¸, Man elf
ğŸ§â€â™€ï¸, Woman elf
ğŸ§â€â™‚ï¸, Man genie
ğŸ§â€â™€ï¸, Woman genie
ğŸ§Ÿâ€â™‚ï¸, Man zombie
ğŸ§Ÿâ€â™€ï¸, Woman zombie
ğŸ§Œ, Troll
ğŸ‘¯â€â™‚ï¸, Men with bunny ears
ğŸ‘¯â€â™€ï¸, Women with bunny ears
ğŸ•´ï¸â€â™‚ï¸, Man in business suit levitating
ğŸ•´ï¸â€â™€ï¸, Woman in business suit levitating
ğŸ’‡â€â™‚ï¸, Man getting haircut
ğŸ’‡â€â™€ï¸, Woman getting haircut
ğŸ’†â€â™‚ï¸, Man getting massage
ğŸ’†â€â™€ï¸, Woman getting massage
ğŸ§â€â™‚ï¸, Man deaf
ğŸ§â€â™€ï¸, Woman deaf
ğŸ§, Deaf person
ğŸ‘‚, Ear
ğŸ‘ƒ, Nose
ğŸ‘£, Footprints
ğŸ‘€, Eyes
ğŸ‘, Eye
ğŸ§ , Brain
ğŸ¦´, Bone
ğŸ¦·, Tooth
ğŸ‘…, Tongue
ğŸ‘„, Mouth
ğŸ«€, Anatomical heart
ğŸ«, Lungs
ğŸ¦°, Red hair
ğŸ¦±, Curly hair
ğŸ¦³, White hair
ğŸ¦², Bald

ğŸ§Ÿ, Zombie
ğŸ§, Genie
ğŸ§œâ€â™‚ï¸, Man mermaid
ğŸ§œâ€â™€ï¸, Woman mermaid
ğŸ§šâ€â™‚ï¸, Man fairy
ğŸ§šâ€â™€ï¸, Woman fairy
ğŸ§™â€â™‚ï¸, Man mage
ğŸ§™â€â™€ï¸, Woman mage
ğŸ§›â€â™‚ï¸, Man vampire
ğŸ§›â€â™€ï¸, Woman vampire
ğŸ§Ÿâ€â™‚ï¸, Man zombie
ğŸ§Ÿâ€â™€ï¸, Woman zombie
ğŸ§š, Fairy
ğŸ§â€â™‚ï¸, Man genie
ğŸ§â€â™€ï¸, Woman genie
ğŸ§™, Mage
ğŸ§›, Vampire
ğŸ§œ, Mermaid
ğŸ§, Elf
ğŸ§Ÿâ€â™‚ï¸, Man zombie
ğŸ§Ÿâ€â™€ï¸, Woman zombie
ğŸ§â€â™‚ï¸, Man genie
ğŸ§â€â™€ï¸, Woman genie
ğŸ§š, Fairy
ğŸ§šâ€â™‚ï¸, Man fairy
ğŸ§šâ€â™€ï¸, Woman fairy
ğŸ§™, Mage
ğŸ§™â€â™‚ï¸, Man mage
ğŸ§™â€â™€ï¸, Woman mage
ğŸ§›, Vampire
ğŸ§›â€â™‚ï¸, Man vampire
ğŸ§›â€â™€ï¸, Woman vampire
ğŸ§œ, Mermaid
ğŸ§œâ€â™‚ï¸, Man mermaid
ğŸ§œâ€â™€ï¸, Woman mermaid
ğŸ§, Elf
ğŸ§â€â™‚ï¸, Man elf
ğŸ§â€â™€ï¸, Woman elf
ğŸ§â€â™‚ï¸, Man genie
ğŸ§â€â™€ï¸, Woman genie
ğŸ§š, Fairy
ğŸ§šâ€â™‚ï¸, Man fairy
ğŸ§šâ€â™€ï¸, Woman fairy
ğŸ§™, Mage
ğŸ§™â€â™‚ï¸, Man mage
ğŸ§™â€â™€ï¸, Woman mage
ğŸ§›, Vampire
ğŸ§›â€â™‚ï¸, Man vampire
ğŸ§›â€â™€ï¸, Woman vampire
ğŸ§œ, Mermaid
ğŸ§œâ€â™‚ï¸, Man mermaid
ğŸ§œâ€â™€ï¸, Woman mermaid
ğŸ§, Elf
ğŸ§â€â™‚ï¸, Man elf
ğŸ§â€â™€ï¸, Woman elf
ğŸ§, Genie
ğŸ§â€â™‚ï¸, Man genie
ğŸ§â€â™€ï¸, Woman genie
ğŸ§š, Fairy
ğŸ§šâ€â™‚ï¸, Man fairy
ğŸ§šâ€â™€ï¸, Woman fairy
ğŸ§™, Mage
ğŸ§™â€â™‚ï¸, Man mage
ğŸ§™â€â™€ï¸, Woman mage
ğŸ§›, Vampire
ğŸ§›â€â™‚ï¸, Man vampire
ğŸ§›â€â™€ï¸, Woman vampire
ğŸ§œ, Mermaid
ğŸ§œâ€â™‚ï¸, Man mermaid
ğŸ§œâ€â™€ï¸, Woman mermaid
ğŸ§, Elf
ğŸ§â€â™‚ï¸, Man elf
ğŸ§â€â™€ï¸, Woman elf
ğŸ§, Genie
ğŸ§â€â™‚ï¸, Man genie
ğŸ§â€â™€ï¸, Woman genie
ğŸ§š, Fairy
ğŸ§šâ€â™‚ï¸, Man fairy
ğŸ§šâ€â™€ï¸, Woman fairy
ğŸ§™, Mage
ğŸ§™â€â™‚ï¸, Man mage
ğŸ§™â€â™€ï¸, Woman mage
ğŸ§›, Vampire
ğŸ§›â€â™‚ï¸, Man vampire
ğŸ§›â€â™€ï¸, Woman vampire
ğŸ§œ, Mermaid
ğŸ§œâ€â™‚ï¸, Man mermaid
ğŸ§œâ€â™€ï¸, Woman mermaid
ğŸ§, Elf
ğŸ§â€â™‚ï¸, Man elf
ğŸ§â€â™€ï¸, Woman elf