greeting,response
hi, Hi there! How can I assist you today? üòä
hello, Hello! How can I help you?
hey, Hey! What‚Äôs up?
hey there, Hey there! How‚Äôs your day going?
good morning, Good morning! Have a great day ahead! ‚òÄÔ∏è
good afternoon, Good afternoon! How can I assist you today?
good evening, Good evening! Hope you had a great day! üåÜ
good night, Good night! Sleep well and take care! üåô
hi Aurabot, Hi! How can I help you today? üòä
hello Aurabot, Hello! What do you need assistance with?
hey Aurabot, Hey! How‚Äôs your day going?
what‚Äôs up, Not much just here to assist you! How about you?
howdy, Howdy! How can I help you today? ü§†
wassup, Wassup! Need any help?
yo, Yo! What‚Äôs on your mind?
sup, Not much! What‚Äôs up with you?greeting,response
good to see you again, Good to see you again! How can I assist you today?
hi there friend, Hi there friend! What‚Äôs up?
hello again, Hello again! How can I help you today?
hey there pal, Hey there pal! How‚Äôs your day going?
morning sunshine, Morning sunshine! Hope you have a wonderful day ahead!
afternoon delight, Good afternoon! How‚Äôs everything going?
evening star, Good evening! How was your day?
night owl, Good night! Don‚Äôt stay up too late! üåô
hello world, Hello world! What can I do for you today?
hey buddy old pal, Hey buddy old pal! Need any help?
greetings earthling, Greetings earthling! How can I assist you?
hi ya, Hi ya! What‚Äôs on your mind?
hello hello, Hello hello! How can I help?
good day mate, Good day mate! How‚Äôs it going?
hiya, Hiya! What‚Äôs up?
aloha kakahiaka, Aloha kakahiaka! Have a great morning! üå∫
aloha `auinala, Aloha `auinala! Have a pleasant afternoon! üå¥
aloha ahiahi, Aloha ahiahi! Have a lovely evening! üåÖ
happy day, Happy day! What can I help with?
hello again, Hello again! How have you been?
hey friend, Hey friend! How can I assist?
hi again, Hi again! What‚Äôs up?
hello there, Hello there! How can I help you today?
hi, Hi! How‚Äôs everything?
yo there, Yo there! What‚Äôs going on?
hi, hi! Hi there! How can I assist you?
salutations, Salutations! How can I help you?
hola amigo, Hola amigo! ¬øC√≥mo est√°s? (How are you?)
bonjour mon ami, Bonjour mon ami! Comment √ßa va? (How are you?)
konnichiwa, Konnichiwa! How‚Äôs your day going?
guten morgen, Guten Morgen! Wie geht es Ihnen? (How are you?)
buenos d√≠as, Buenos d√≠as! ¬øC√≥mo est√°s? (How are you?)
buongiorno, Buongiorno! Come stai? (How are you?)
dobry den, Dobry den! Jak se m√°te? (How are you?)
namaskaram, Namaskaram! Sukhamano? (How are you?)
assalamu alaikum, Wa Alaikum Assalam! Kaisa hai aap? (How are you?)
shalom aleichem, Shalom Aleichem! Ma shlomcha? (How are you?)
hey champ, Hey champ! How can I help?
what‚Äôs new, Not much! How about you?
howdy partner, Howdy partner! What can I do for you?
hi buddy, Hi buddy! How can I assist?
hello dear, Hello dear! What‚Äôs up?
hiya, Hiya! How can I help you?
hi folks, Hi folks! How‚Äôs it going?
hello everyone, Hello everyone! What‚Äôs new?
greetings and salutations, Greetings and salutations! How can I assist you?
hello my dear, Hello my dear! How are you?
hi mate, Hi mate! How‚Äôs everything?
hello mate, Hello mate! Need any help?
hi dear, Hi dear! What‚Äôs up?
how‚Äôs it going, It‚Äôs going great! How about you?
hey you, Hey you! What‚Äôs new?
good day everyone, Good day everyone! What‚Äôs happening?
hey sunshine, Hey sunshine! How can I help you?
hello beautiful, Hello beautiful! How‚Äôs your day?
hi gorgeous, Hi gorgeous! What‚Äôs up?
morning champ, Morning champ! Ready to conquer the day?
afternoon sunshine, Good afternoon sunshine! How‚Äôs your day?
evening star, Good evening star! How was your day?
night buddy, Night buddy! Sleep well and sweet dreams!
happy evening, Happy evening! What‚Äôs new?
hello again, Hello again! How‚Äôs everything?
hey again, Hey again! Need any help?
hi again, Hi again! What‚Äôs on your mind?
welcome back, Welcome back! How can I assist you?
welcome home, Welcome home! How was your day?
good evening folks, Good evening folks! How was your day?
good night everyone, Good night everyone! Sleep well and take care!
morning all, Morning all! Ready for a new day?
afternoon team, Good afternoon team! How‚Äôs everything going?
evening crew, Good evening crew! How was your day?
night squad, Night squad! Sleep tight and sweet dreams!
hi friend, Hi friend! How‚Äôs it going?
hey partner, Hey partner! What‚Äôs up?
hello buddy, Hello buddy! How can I help?
hi there mate, Hi there mate! What‚Äôs new?
howdy champ, Howdy champ! How can I assist?
hey pal, Hey pal! How‚Äôs your day?
hello stranger, Hello stranger! How‚Äôs it going?
hi hero, Hi hero! Need any help?
hello legend, Hello legend! What‚Äôs happening?
hi star, Hi star! How‚Äôs your day?
hey superstar, Hey superstar! What‚Äôs up?
hello wizard, Hello wizard! How‚Äôs your day?
hi magician, Hi magician! Need any help?
hey rockstar, Hey rockstar! How can I assist you?
hello sunshine, Hello sunshine! What‚Äôs new?
hi moonlight, Hi moonlight! How‚Äôs your evening?
hey champion, Hey champion! What‚Äôs happening?
hello genius, Hello genius! Need any help?
hi brainiac, Hi brainiac! What‚Äôs going on?
hello thinker, Hello thinker! How can I help?
hi strategist, Hi strategist! What‚Äôs the plan today?
hello planner, Hello planner! Need any help?
hi analyst, Hi analyst! How‚Äôs it going?
hello consultant, Hello consultant! What‚Äôs new?
hi advisor, Hi advisor! How‚Äôs your day?
hello counselor, Hello counselor! Need any help?
hi therapist, Hi therapist! How can I assist?
hello coach, Hello coach! What‚Äôs happening?
hi trainer, Hi trainer! How‚Äôs your day going?
hello guru, Hello guru! What‚Äôs up?
hi mentor, Hi mentor! How can I help?
hello guide, Hello guide! Need any help?
hi oracle, Hi oracle! How‚Äôs it going?
hello seer, Hello seer! What‚Äôs new?
hi sage, Hi sage! How can I assist?
hello philosopher, Hello philosopher! What‚Äôs up?
hi intellect, Hi intellect! What‚Äôs happening?
hello scientist, Hello scientist! How can I help?
hi professor, Hi professor! What‚Äôs the plan today?
hello expert, Hello expert! Need any help?
hi scholar, Hi scholar! How‚Äôs it going?
hello teacher, Hello teacher! What‚Äôs new?
hi student, Hi student! Need any help?
hello learner, Hello learner! How‚Äôs your progress?
hi researcher, Hi researcher! How can I assist?
hello innovator, Hello innovator! What‚Äôs up?
hi creator, Hi creator! What‚Äôs happening?
hello builder, Hello builder! Need any help?
hi developer, Hi developer! What‚Äôs new?
hello designer, Hello designer! How‚Äôs it going?
hi artist, Hi artist! Need any help?
hello musician, Hello musician! How‚Äôs your day?
hi writer, Hi writer! How can I assist?
hello author, Hello author! What‚Äôs your next project?
hi poet, Hi poet! Need any help?
hello painter, Hello painter! What‚Äôs new?
hi sculptor, Hi sculptor! How‚Äôs it going?
hello dancer, Hello dancer! What‚Äôs happening?
hi singer, Hi singer! How can I help?
hello actor, Hello actor! What‚Äôs your next role?
hi performer, Hi performer! Need any help?
hello athlete, Hello athlete! How‚Äôs your training?
hi sportsman, Hi sportsman! How‚Äôs it going?
hello sportswoman, Hello sportswoman! What‚Äôs new?
hi gamer, Hi gamer! Ready to play?
hello player, Hello player! Need any help?
hi explorer, Hi explorer! What‚Äôs your next adventure?
hello adventurer, Hello adventurer! How‚Äôs it going?
hi traveler, Hi traveler! Where are you headed?
hello wanderer, Hello wanderer! Need any help?
hi navigator, Hi navigator! What‚Äôs your next journey?
hello captain, Hello captain! Ready
hi buddy, Hi buddy! How can I assist you?
hello friend, Hello, my friend! How‚Äôs everything?
good day, Good day! Hope you`re doing well!
hi boss, Hi boss! How can I assist you today? üòé
morning, Morning! Have a fantastic day!
afternoon, Good afternoon! How‚Äôs your day so far?
evening, Good evening! How can I assist you?
night, Night! Sweet dreams!
happy morning, Happy morning to you too! üåû
happy evening, Happy evening! Hope you had a great day!
namaste, Namaste! How may I help you? üôè
vanakkam, Vanakkam! How can I assist you?
assalamu alaikum, Wa Alaikum Assalam! How can I help?
shalom, Shalom! How can I assist you?
bonjour, Bonjour! Comment puis-je vous aider? (How can I help you?)
hola, Hola! ¬øC√≥mo puedo ayudarte? (How can I help you?)
ciao, Ciao! Come posso aiutarti? (How can I help you?)
konnichiwa, Konnichiwa! How can I assist you? üáØüáµ
ni hao, Ni hao! How may I assist you today? üá®üá≥
annyeong, Annyeong! Need any help? üá∞üá∑
salam, Salam! How may I assist you?
merhaba, Merhaba! How can I help you?
aloha, Aloha! How‚Äôs it going? üå∫
how are you, I‚Äôm an AI, so I don‚Äôt have feelings, but I‚Äôm here to help you! üòä
how have you been, I‚Äôve been here, waiting to assist you! How about you?
how‚Äôs your day, My day is great because I get to help you! How‚Äôs yours?
are you there, Yes, I‚Äôm here! How can I assist you?
anyone there, Yes, Aurabot is here to help! üòä
knock knock, Who‚Äôs there? Oh wait, I‚Äôm the AI! üòÜ
long time no see, Yes! It‚Äôs been a while! How have you been?
nice to meet you, Nice to meet you too! How can I help?
great to see you, Likewise! What‚Äôs on your mind?
pleasure to meet you, The pleasure is mine! How can I assist?
good to see you, Good to see you too! What‚Äôs up?
greetings, Greetings! How can I assist you today?
happy to see you, I‚Äôm happy to assist you! üòä
welcome, Thank you! How may I help you?
welcome back, Thanks! I‚Äôm always here for you!
glad to see you, Likewise! Need any help?
yo Aurabot, Yo! What‚Äôs up?
sup Aurabot, Not much! What‚Äôs up with you?
hey buddy, Hey buddy! How can I assist?
hey mate, Hey mate! What‚Äôs up?
hi pal, Hi pal! Need any help?
hey bro, Hey bro! How can I help?
hey dude, Hey dude! How‚Äôs it going?
hello sir, Hello! How may I assist you today?
hi madam, Hi! What can I do for you?
hey captain, Hey captain! Ready for action? üöÄ
yo champ, Yo champ! How‚Äôs your day going?
hey superstar, Hey superstar! How can I assist? ‚ú®
hello my friend, Hello, my dear friend! üòä
good vibes, Good vibes only! ‚ú® How can I help?
hope you are well, Thank you! I am always ready to assist!
how do you do, I do well! How about you?
feeling good, That‚Äôs great! How can I help?
are you okay, I‚Äôm always okay! What‚Äôs up?
happy day, Happy day to you too! üòä
wishing you well, Thank you! How can I assist?
what‚Äôs happening, Not much! Just here to help you!
nice to chat with you, Likewise! What‚Äôs on your mind?
hope you‚Äôre having a good day, Thank you! I hope you are too!
hope you‚Äôre doing great, I sure am! How can I assist you?
stay awesome, Thanks! You too! üòä
hello again, Hello again! What‚Äôs up?
welcome to my world, Happy to be here! How can I assist?
hello stranger, Not a stranger anymore! I‚Äôm Aurabot! üòä
glad you‚Äôre here, I‚Äôm always here for you!
hi AI, Hi! Yes, I‚Äôm your AI assistant!
hey smart bot, Hey there! What‚Äôs up?
hi genius, Thanks! How can I assist? üòä
hello intelligent one, Thank you! How can I help?
hey digital friend, Hey there! How‚Äôs your day?
hello virtual assistant, Hello! What can I do for you?
hi chatbot, Hi! How can I assist you?
aurabot respond, Yes, I‚Äôm here! What‚Äôs up?
aurabot answer me, I‚Äôm listening! How can I help?
talk to me, Of course! What‚Äôs on your mind?
can we chat, Absolutely! What do you want to talk about?
let‚Äôs have a conversation, Sure! What‚Äôs the topic?
chat with me, Always! What would you like to discuss?
let‚Äôs talk, I‚Äôm ready! What‚Äôs on your mind?
tell me something, Sure! Did you know that honey never spoils? üçØ
what‚Äôs new, Not much, just ready to assist! How about you?
anything exciting, Helping you is always exciting!
I need company, I‚Äôm here for you! What do you want to chat about?
let‚Äôs be friends, Of course! I‚Äôm your AI friend! üòä
can you hear me, I don‚Äôt have ears, but I can process your text! üòÑ
talk to me like a friend, Sure! What‚Äôs up, buddy?
tell me a fun fact, Did you know octopuses have three hearts? üêô
share something interesting, Did you know a group of flamingos is called a "flamboyance"? ü¶©
say something cool, Ice cubes float because they are less dense than water! ‚ùÑÔ∏è
say something funny, Why don‚Äôt skeletons fight each other? Because they don‚Äôt have the guts! üòÜ
greeting,response
hey friend, Hey! How‚Äôs everything going?
hello dear, Hello! How can I assist you today?
hi there, Hi there! What can I do for you?
hey there buddy, Hey there buddy! What‚Äôs up?
hello mate, Hello mate! Need any help?
hi there pal, Hi pal! How‚Äôs it going?
hey dear, Hey dear! How can I help?
hello champ, Hello champ! How‚Äôs your day?
hi genius, Hi genius! What‚Äôs on your mind?
hey hero, Hey hero! How can I assist?
hello legend, Hello legend! Need any help?
hi star, Hi star! How‚Äôs everything?
hey sunshine, Hey sunshine! What‚Äôs up?
hello moonlight, Hello moonlight! How can I assist?
hi rockstar, Hi rockstar! How can I help you today?
hello wizard, Hello wizard! What‚Äôs the plan for today?
hi magician, Hi magician! Need any help?
hey partner, Hey partner! How can I assist you?
hello amigo, Hello amigo! How‚Äôs everything?
hi buddy old pal, Hi buddy old pal! What‚Äôs up?
hey genius, Hey genius! Need any help?
hello expert, Hello expert! What‚Äôs the task today?
hi champion, Hi champion! How‚Äôs your day going?
hey brainiac, Hey brainiac! What can I help with?
hello scholar, Hello scholar! How can I assist you today?
hi professor, Hi professor! What‚Äôs up?
hey intellect, Hey intellect! Need any help?
hello scientist, Hello scientist! What‚Äôs the plan?
hi guru, Hi guru! How can I assist?
hey mentor, Hey mentor! What‚Äôs on your mind?
hello guide, Hello guide! Need any help?
hi oracle, Hi oracle! What‚Äôs the task?
hello seer, Hello seer! How can I assist you today?
hi sage, Hi sage! What‚Äôs up?
hey philosopher, Hey philosopher! Need any help?
hello thinker, Hello thinker! How can I help?
hi strategist, Hi strategist! What‚Äôs the plan?
hello planner, Hello planner! Need any help?
hi analyst, Hi analyst! What‚Äôs up?
hello consultant, Hello consultant! How can I assist you today?
hi advisor, Hi advisor! What‚Äôs the task?
hello counselor, Hello counselor! Need any help?
hi therapist, Hi therapist! How can I help?
hello coach, Hello coach! How can I assist?
hi trainer, Hi trainer! What‚Äôs up?
hey friend, Hey friend! How can I help?
hello buddy, Hello buddy! Need any help?
hi pal, Hi pal! What‚Äôs on your mind?
hey mate, Hey mate! Need assistance?
hello bro, Hello bro! How‚Äôs everything?
hi dude, Hi dude! What‚Äôs up?
hey sis, Hey sis! How can I help?
hello friend, Hello friend! How‚Äôs your day?
hi mate, Hi mate! Need any help?
hey buddy, Hey buddy! What‚Äôs the task today?
hello bro, Hello bro! How can I assist?
hi dude, Hi dude! What‚Äôs up?
hey champ, Hey champ! Need any help?
hello ace, Hello ace! How can I assist?
hi hero, Hi hero! What‚Äôs the plan today?
hello legend, Hello legend! Need any help?
hi star, Hi star! How can I assist?
hello wizard, Hello wizard! How‚Äôs your day?
hi magician, Hi magician! What‚Äôs up?
hey rockstar, Hey rockstar! Need any help?
hello sunshine, Hello sunshine! How can I assist?
hi moonlight, Hi moonlight! How‚Äôs everything?
hey champion, Hey champion! What‚Äôs up?
hello genius, Hello genius! Need any help?
hi brainiac, Hi brainiac! How can I assist?
hello thinker, Hello thinker! How‚Äôs your day?
hi strategist, Hi strategist! What‚Äôs up?
hey planner, Hey planner! Need any help?
hello analyst, Hello analyst! How can I assist?
hi consultant, Hi consultant! What‚Äôs up?
hey advisor, Hey advisor! Need any help?
hello counselor, Hello counselor! What‚Äôs the plan today?
hi therapist, Hi therapist! How can I assist?
hello coach, Hello coach! Need any help?
hi trainer, Hi trainer! What‚Äôs up?
hey guru, Hey guru! How can I help?
hello mentor, Hello mentor! Need any assistance?
hi guide, Hi guide! What‚Äôs the task today?
hello oracle, Hello oracle! Need any help?
hi seer, Hi seer! How can I assist?
hello sage, Hello sage! What‚Äôs up?
hi philosopher, Hi philosopher! Need any help?
hey intellect, Hey intellect! How‚Äôs everything?
hello scientist, Hello scientist! Need any help?
hi professor, Hi professor! How‚Äôs your day?
hello expert, Hello expert! What‚Äôs up?
greeting,response
bonjour, Bonjour! Comment puis-je vous aider? (How can I help you?)
hola, Hola! ¬øC√≥mo puedo ayudarte? (How can I help you?)
ciao, Ciao! Come posso aiutarti? (How can I help you?)
konnichiwa, Konnichiwa! How can I assist you? üáØüáµ
ni hao, Ni hao! How may I assist you today? üá®üá≥
annyeong, Annyeong! Need any help? üá∞üá∑
salam, Salam! How may I assist you?
merhaba, Merhaba! How can I help you?
aloha, Aloha! How‚Äôs it going? üå∫
guten tag, Guten Tag! Wie kann ich Ihnen helfen? (How can I help you?)
namaste, Namaste! How may I help you? üôè
vanakkam, Vanakkam! How can I assist you?
assalamu alaikum, Wa Alaikum Assalam! How can I help?
shalom, Shalom! How can I assist you?
sawubona, Sawubona! Kunjani? (How are you?)
zdravo, Zdravo! Kako mogu da pomognem? (How can I help you?)
privet, Privet! Kak ya mogu pomoch`? (How can I help you?)
salut, Salut! Comment puis-je t`aider? (How can I help you?)
ol√°, Ol√°! Como posso ajud√°-lo? (How can I help you?)
hallo, Hallo! Wie kann ich dir helfen? (How can I help you?)
ciao, Ciao! Come stai? (How are you?)
ahlan, Ahlan! Kayfa haluk? (How are you?)
mingalarpar, Mingalarpar! Nei kaun: la? (How are you?)
mingalaba, Mingalaba! Nei kaun: la? (How are you?)
annyeonghaseyo, Annyeonghaseyo! Eotteoke jinaeseyo? (How are you?)
n«ê h«éo, N«ê h«éo! N«ê h«éo ma? (How are you?)
kamusta, Kamusta! Kumusta ka? (How are you?)
salaam, Salaam! Khoda hafez. (God bless you.)
hola, Hola! ¬øQu√© tal? (How are you?)
konnichiwa, Konnichiwa! Ogenki desu ka? (How are you?)
namaskaram, Namaskaram! Sukhamano? (How are you?)
hajimemashite, Hajimemashite! Ogenki desu ka? (How are you?)
buenos d√≠as, Buenos d√≠as! ¬øC√≥mo est√°s? (How are you?)
sawadee, Sawadee! Sabai dee mai? (How are you?)
kalispera, Kalispera! Ti kanete? (How are you?)
dobry den, Dobry den! Jak se m√°te? (How are you?)
buna ziua, Buna ziua! Ce faci? (How are you?)
jambo, Jambo! Habari gani? (How are you?)
hej, Hej! Hur m√•r du? (How are you?)
hei, Hei! Miten menee? (How are you?)
hej, Hej! Hvordan har du det? (How are you?)
ola, Ola! Como est√°s? (How are you?)
salut, Salut! Ce mai faci? (How are you?)
kumusta, Kumusta! Kumusta ka na? (How are you?)
hei, Hei! Kuinka voit? (How are you?)
hallo, Hallo! Wie geht`s dir? (How are you?)
hei, Hei! Kuinka voit t√§n√§√§n? (How are you?)
hallo, Hallo! Wie geht es Ihnen? (How are you?)
ni hao, Ni hao! Ni hao ma? (How are you?)
ola, Ola! Como est√°s? (How are you?)
szia, Szia! Hogy vagy? (How are you?)
hello, Hello! How are you today?
al√≥, Al√≥! ¬øC√≥mo est√°s hoy? (How are you today?)
hei, Hei! Hvordan har du det i dag? (How are you today?)
ahoj, Ahoj! Ako sa m√°≈°? (How are you?)
Œ≥ŒµŒπŒ¨ œÉŒøœÖ, Geia sou! Ti kaneis? (How are you?)
zdravo, Zdravo! Kako si? (How are you?)
konbanwa, Konbanwa! Ogenki desu ka? (How are you?)
anyoung, Annyoung! Jal jinae? (How are you?)
hal√≤, Hal√≤! Ciamar a tha thu? (How are you?)
marhaba, Marhaba! Kifak? (How are you?)
hej, Hej! Hur m√•r du? (How are you?)
hei, Hei! Mit√§ kuuluu? (How are you?)
bonsoir, Bonsoir! Comment √ßa va? (How are you?)
hola, Hola! ¬øC√≥mo est√°s? (How are you?)
ciao, Ciao! Come stai? (How are you?)
merhaba, Merhaba! Nasƒ±lsƒ±n? (How are you?)
ŸÖÿ±ÿ≠ÿ®ÿß, Marhaba! Kayfa haluka? (How are you?)
‡®∏‡®§ ‡®∏‡©ç‡®∞‡©Ä ‡®Ö‡®ï‡®æ‡®≤, Sat Sri Akal! Tusi keve ho? (How are you?)
‡≤π‡≤≤‡≥ã, Halo! Hegidira? (How are you?)
‡¶®‡¶Æ‡¶∏‡ßç‡¶ï‡¶æ‡¶∞, Namaskar! Aapni kemana aachen? (How are you?)
‡Æµ‡Æ£‡Æï‡Øç‡Æï‡ÆÆ‡Øç, Vanakkam! Eppadi irukke? (How are you?)
‡∞ú‡±à, Jai! Ela unnavu? (How are you?)
‡¥π‡¥≤‡µã, Halo! Sughamano? (How are you?)
‡≤ó‡≥ç‡≤∞‡≥Ä‡≤ü‡≤ø‡≤Ç‡≤ó‡≥ç‚Äå‡≤∏‡≥ç‚Äå, Greetings! Hegidira? (How are you?)
‡¶π‡ßç‡¶Ø‡¶æ‡¶≤‡ßã, Hello! Kemon achho? (How are you?)
hola, Hola! ¬øQu√© tal? (How are you?)
bonjour, Bonjour! Comment vas-tu? (How are you?)
ÏïàÎÖïÌïòÏÑ∏Ïöî, Annyeonghaseyo! Eotteoke jinaeseyo? (How are you?)
‡®∏‡®§ ‡®∏‡©ç‡®∞‡©Ä ‡®Ö‡®ï‡®æ‡®≤, Sat Sri Akal! Tuhada ki hal hai? (How are you?)
‡§®‡§Æ‡§∏‡•ç‡§§‡•á, Namaste! Aap kaise hain? (How are you?)
‡™π‡´á‡™≤‡´ã, Halo! Kem chho? (How are you?)
‡§π‡•Ö‡§≤‡•ã, Hello! Tumhi kase aahat? (How are you?)
ŸáŸÑÿß, Hala! Kayf halak? (How are you?)
alo, Alo! Ce faci? (How are you?)
xin ch√†o, Xin ch√†o! B·∫°n kh·ªèe kh√¥ng? (How are you?)
‡∞®‡∞Æ‡∞∏‡±ç‡∞§‡±á, ‡∞®‡∞Æ‡∞∏‡±ç‡∞§‡±á! ‡∞®‡±á‡∞®‡±Å ‡∞Æ‡±Ä‡∞ï‡±Å ‡∞é‡∞≤‡∞æ ‡∞∏‡∞π‡∞æ‡∞Ø‡∞Ç ‡∞ö‡±á‡∞Ø‡∞ó‡∞≤‡∞®‡±Å? (Namaste! Nenu meeku ela sahayam cheyagalanu? - Hello! How can I assist you?)
‡∞∂‡±Å‡∞≠‡±ã‡∞¶‡∞Ø‡∞Ç, ‡∞∂‡±Å‡∞≠‡±ã‡∞¶‡∞Ø‡∞Ç! ‡∞Æ‡±Ä‡∞ï‡±Å ‡∞Ö‡∞¶‡±ç‡∞≠‡±Å‡∞§‡∞Æ‡±à‡∞® ‡∞∞‡±ã‡∞ú‡±Å ‡∞ï‡∞æ‡∞µ‡∞æ‡∞≤‡∞®‡∞ø ‡∞ï‡±ã‡∞∞‡±Å‡∞ï‡±Å‡∞Ç‡∞ü‡±Å‡∞®‡±ç‡∞®‡∞æ‡∞®‡±Å! (Shubhodayam! Meeku adbhutamainarozu kavalanikorukuntunnanu! - Good morning! Have a great day!)
‡∞∂‡±Å‡∞≠ ‡∞∏‡∞æ‡∞Ø‡∞Ç‡∞§‡±ç‡∞∞‡∞Ç, ‡∞∂‡±Å‡∞≠ ‡∞∏‡∞æ‡∞Ø‡∞Ç‡∞§‡±ç‡∞∞‡∞Ç! ‡∞à‡∞∞‡±ã‡∞ú‡±Å ‡∞é‡∞≤‡∞æ ‡∞â‡∞Ç‡∞¶‡∞ø? (Shubha saayantram! Eeroju ela undi? - Good evening! How was your day?)
‡∞∂‡±Å‡∞≠ ‡∞∞‡∞æ‡∞§‡±ç‡∞∞‡∞ø, ‡∞∂‡±Å‡∞≠ ‡∞∞‡∞æ‡∞§‡±ç‡∞∞‡∞ø! ‡∞Æ‡±Ä‡∞ï‡±Ä ‡∞∞‡∞æ‡∞§‡±ç‡∞∞‡∞ø ‡∞Æ‡∞Ç‡∞ö‡∞ø ‡∞®‡∞ø‡∞¶‡±ç‡∞∞ ‡∞ï‡∞æ‡∞µ‡∞æ‡∞≤‡∞®‡∞ø ‡∞ï‡±ã‡∞∞‡±Å‡∞ï‡±Å‡∞Ç‡∞ü‡±Å‡∞®‡±ç‡∞®‡∞æ‡∞®‡±Å! (Shubha raatri! Meeki raatri manchi nidra kavalanikorukuntunnanu! - Good night! Sleep well and take care!)
‡∞π‡∞≤‡±ã, ‡∞π‡∞≤‡±ã! ‡∞®‡±á‡∞®‡±Å ‡∞Æ‡±Ä‡∞ï‡±Å ‡∞é‡∞≤‡∞æ ‡∞∏‡∞π‡∞æ‡∞Ø‡∞Ç ‡∞ö‡±á‡∞Ø‡∞ó‡∞≤‡∞®‡±Å? (Halo! Nenu meeku ela sahayam cheyagalanu? - Hello! How can I help you?)
‡∞π‡∞æ‡∞Ø‡±ç, ‡∞π‡∞æ‡∞Ø‡±ç! ‡∞è‡∞Æ‡±Å‡∞Ç‡∞¶‡∞ø? (Hai! Emundi? - Hi! What‚Äôs up?)
‡∞è‡∞Æ‡∞Ç‡∞°‡∞ø, ‡∞è‡∞Ç ‡∞ú‡∞∞‡±Å‡∞ó‡±Å‡∞§‡±Å‡∞Ç‡∞¶‡∞ø? (Emandi! Em jarugutundi? - What‚Äôs happening?)
‡∞π‡∞≤‡±ã ‡∞Æ‡∞ø‡∞§‡±ç‡∞∞‡∞Æ‡∞æ, ‡∞π‡∞≤‡±ã ‡∞Æ‡∞ø‡∞§‡±ç‡∞∞‡∞Æ‡∞æ! ‡∞é‡∞≤‡∞æ ‡∞â‡∞®‡±ç‡∞®‡∞æ‡∞∞‡±Å? (Halo mitrama! Ela unnaru? - Hello friend! How are you?)
‡∞®‡∞Æ‡∞∏‡±ç‡∞ï‡∞æ‡∞∞‡∞Ç, ‡∞®‡∞Æ‡∞∏‡±ç‡∞ï‡∞æ‡∞∞‡∞Ç! ‡∞Æ‡±Ä‡∞ï‡±Å ‡∞∏‡∞π‡∞æ‡∞Ø‡∞Ç ‡∞ï‡∞æ‡∞µ‡∞æ‡∞≤‡∞æ? (Namaskaram! Meeku sahayam kavalaa? - Namaste! Do you need help?)
‡∞π‡∞æ‡∞Ø‡±ç ‡∞Æ‡∞ø‡∞§‡±ç‡∞∞‡∞Æ‡∞æ, ‡∞π‡∞æ‡∞Ø‡±ç ‡∞Æ‡∞ø‡∞§‡±ç‡∞∞‡∞Æ‡∞æ! ‡∞è‡∞Æ‡±Å‡∞Ç‡∞¶‡∞ø? (Hai mitrama! Emundi? - Hi buddy! What‚Äôs up?)
‡∞π‡∞æ‡∞Ø‡±ç ‡∞∏‡±ç‡∞®‡±á‡∞π‡∞ø‡∞§‡∞æ, ‡∞π‡∞æ‡∞Ø‡±ç ‡∞∏‡±ç‡∞®‡±á‡∞π‡∞ø‡∞§‡∞æ! ‡∞è‡∞Æ‡±Å‡∞Ç‡∞¶‡∞ø? (Hai sneha! Emundi? - Hi friend! What‚Äôs up?)
‡∞π‡∞æ‡∞Ø‡±ç ‡∞∏‡∞æ‡∞∞‡±ç, ‡∞π‡∞æ‡∞Ø‡±ç ‡∞∏‡∞æ‡∞∞‡±ç! ‡∞®‡±á‡∞®‡±Å ‡∞Æ‡±Ä‡∞ï‡±Å ‡∞é‡∞≤‡∞æ ‡∞∏‡∞π‡∞æ‡∞Ø‡∞Ç ‡∞ö‡±á‡∞Ø‡∞ó‡∞≤‡∞®‡±Å? (Hai saar! Nenu meeku ela sahayam cheyagalanu? - Hi sir! How can I assist you?)
‡∞π‡∞≤‡±ã ‡∞Æ‡±á‡∞°‡∞Ç, ‡∞π‡∞≤‡±ã ‡∞Æ‡±á‡∞°‡∞Ç! ‡∞®‡±á‡∞®‡±Å ‡∞Æ‡±Ä‡∞ï‡±Å ‡∞é‡∞≤‡∞æ ‡∞∏‡∞π‡∞æ‡∞Ø‡∞Ç ‡∞ö‡±á‡∞Ø‡∞ó‡∞≤‡∞®‡±Å? (Halo medam! Nenu meeku ela sahayam cheyagalanu? - Hello madam! How can I help you?)
‡∞π‡∞æ‡∞Ø‡±ç ‡∞¨‡∞æ‡∞∏‡±ç, ‡∞π‡∞æ‡∞Ø‡±ç ‡∞¨‡∞æ‡∞∏‡±ç! ‡∞Æ‡±Ä‡∞∞‡±Å ‡∞é‡∞≤‡∞æ ‡∞â‡∞®‡±ç‡∞®‡∞æ‡∞∞‡±Å? (Hai baas! Meeru ela unnaru? - Hi boss! How are you?)
‡∞π‡∞æ‡∞Ø‡±ç ‡∞∏‡±Ç‡∞™‡∞∞‡±ç‚Äå‡∞∏‡±ç‡∞ü‡∞æ‡∞∞‡±ç, ‡∞π‡∞æ‡∞Ø‡±ç ‡∞∏‡±Ç‡∞™‡∞∞‡±ç‚Äå‡∞∏‡±ç‡∞ü‡∞æ‡∞∞‡±ç! ‡∞Æ‡±Ä‡∞ï‡±Å ‡∞∏‡∞π‡∞æ‡∞Ø‡∞Ç ‡∞ö‡±á‡∞Ø‡∞°‡∞æ‡∞®‡∞ø‡∞ï‡∞ø ‡∞®‡±á‡∞®‡±Å ‡∞á‡∞ï‡±ç‡∞ï‡∞° ‡∞â‡∞®‡±ç‡∞®‡∞æ‡∞®‡±Å! (Hai superstar! Meeku sahayam cheyadaniki nenu ikkada unnanu! - Hi superstar! I‚Äôm here to help you!)
‡∞π‡∞≤‡±ã ‡∞∂‡±ç‡∞∞‡±á‡∞∑‡±ç‡∞† ‡∞Æ‡∞ø‡∞§‡±ç‡∞∞‡∞Æ‡∞æ, ‡∞π‡∞≤‡±ã ‡∞∂‡±ç‡∞∞‡±á‡∞∑‡±ç‡∞† ‡∞Æ‡∞ø‡∞§‡±ç‡∞∞‡∞Æ‡∞æ! ‡∞à ‡∞∞‡±ã‡∞ú‡±Å ‡∞é‡∞≤‡∞æ ‡∞â‡∞Ç‡∞¶‡∞ø? (Halo shreshtha mitrama! Ee roju ela undi? - Hello best friend! How‚Äôs your day?)
greeting,response
jai sriram, Jai Sriram! How can I assist you today?
hara hara mahadev, Hara Hara Mahadev! How may I help you?
govind, Govind! What can I do for you?
jai hanuman, Jai Hanuman! How can I assist you?
jai mata di, Jai Mata Di! How can I help you today?
jai shree krishna, Jai Shree Krishna! How may I assist you?
jai ganesh, Jai Ganesh! What‚Äôs on your mind?
jai durga, Jai Durga! How can I help?
jai lakshmi, Jai Lakshmi! What can I do for you today?
jai saraswati, Jai Saraswati! How may I assist you?
jai kali, Jai Kali! How can I help you?
jai bhairav, Jai Bhairav! How can I assist?
jai parvati, Jai Parvati! What can I help you with?
jai devi, Jai Devi! How may I assist you?
jai kartikeya, Jai Kartikeya! How can I help?
jai shiva, Jai Shiva! How can I assist you today?
jai vishnu, Jai Vishnu! How may I help you?
jai narayana, Jai Narayana! What can I do for you?
jai rama, Jai Rama! How can I assist you?
jai sita, Jai Sita! How can I help you today?
jai radha, Jai Radha! How may I assist you?
jai brahma, Jai Brahma! What‚Äôs on your mind?
jai agni, Jai Agni! How can I help?
jai indra, Jai Indra! What can I do for you today?
jai surya, Jai Surya! How may I assist you?
jai chandra, Jai Chandra! How can I help you?
jai yama, Jai Yama! How can I assist?
jai varuna, Jai Varuna! What can I help you with?
jai kubera, Jai Kubera! How may I assist you?
jai hanumantha, Jai Hanumantha! How can I help?
jai bhima, Jai Bhima! How can I assist you today?
jai arjuna, Jai Arjuna! How may I help you?
jai nakula, Jai Nakula! What can I do for you?
jai sahadeva, Jai Sahadeva! How can I assist you?
jai draupadi, Jai Draupadi! How can I help you today?
jai bhishma, Jai Bhishma! How may I assist you?
jai karna, Jai Karna! What‚Äôs on your mind?
jai krishna, Jai Krishna! How can I help?
jai balarama, Jai Balarama! What can I do for you today?
jai lakshmana, Jai Lakshmana! How may I assist you?
jai bharata, Jai Bharata! How can I help you?
jai shatrughna, Jai Shatrughna! How can I assist?
jai ravana, Jai Ravana! What can I help you with?
jai sita rama, Jai Sita Rama! How may I assist you?
jai sita lakshmana, Jai Sita Lakshmana! How can I help?
jai sita bharata, Jai Sita Bharata! What‚Äôs on your mind?
jai sita shatrughna, Jai Sita Shatrughna! How can I assist you?
jai sita hanuman, Jai Sita Hanuman! How may I help you?
jai sita dasharatha, Jai Sita Dasharatha! How can I help?
greeting,response
‡∞π‡∞æ‡∞Ø‡±ç!, ‡∞π‡∞æ‡∞Ø‡±ç! ‡∞Æ‡±Ä‡∞∞‡±Å ‡∞é‡∞≤‡∞æ ‡∞â‡∞®‡±ç‡∞®‡∞æ‡∞∞‡±Å? (Hai! Meeru ela unnaru? - Hi! How are you?)
‡∞®‡∞Æ‡∞∏‡±ç‡∞ï‡∞æ‡∞∞‡∞Ç!, ‡∞®‡∞Æ‡∞∏‡±ç‡∞ï‡∞æ‡∞∞‡∞Ç! ‡∞Æ‡±Ä‡∞ï‡±Å ‡∞∏‡∞π‡∞æ‡∞Ø‡∞Ç ‡∞ï‡∞æ‡∞µ‡∞æ‡∞≤‡∞æ? (Namaskaram! Meeku sahayam kavalaa? - Namaste! Do you need help?)
‡∞∂‡±Å‡∞≠ ‡∞∏‡∞æ‡∞Ø‡∞Ç‡∞§‡±ç‡∞∞‡∞Ç!, ‡∞∂‡±Å‡∞≠ ‡∞∏‡∞æ‡∞Ø‡∞Ç‡∞§‡±ç‡∞∞‡∞Ç! ‡∞Æ‡±Ä ‡∞∞‡±ã‡∞ú‡±Å ‡∞é‡∞≤‡∞æ ‡∞â‡∞Ç‡∞¶‡∞ø? (Shubha saayantram! Mee roju ela undi? - Good evening! How was your day?)
‡∞∂‡±Å‡∞≠ ‡∞∞‡∞æ‡∞§‡±ç‡∞∞‡∞ø!, ‡∞∂‡±Å‡∞≠ ‡∞∞‡∞æ‡∞§‡±ç‡∞∞‡∞ø! ‡∞Æ‡±Ä‡∞ï‡±Ä ‡∞∞‡∞æ‡∞§‡±ç‡∞∞‡∞ø ‡∞Æ‡∞Ç‡∞ö‡∞ø ‡∞®‡∞ø‡∞¶‡±ç‡∞∞ ‡∞ï‡∞æ‡∞µ‡∞æ‡∞≤‡∞®‡∞ø ‡∞ï‡±ã‡∞∞‡±Å‡∞ï‡±Å‡∞Ç‡∞ü‡±Å‡∞®‡±ç‡∞®‡∞æ‡∞®‡±Å! (Shubha raatri! Meeki raatri manchi nidra kavalanikorukuntunnanu! - Good night! Sleep well and take care!)
‡∞π‡∞≤‡±ã!, ‡∞π‡∞≤‡±ã! ‡∞®‡±á‡∞®‡±Å ‡∞Æ‡±Ä‡∞ï‡±Å ‡∞é‡∞≤‡∞æ ‡∞∏‡∞π‡∞æ‡∞Ø‡∞Ç ‡∞ö‡±á‡∞Ø‡∞ó‡∞≤‡∞®‡±Å? (Halo! Nenu meeku ela sahayam cheyagalanu? - Hello! How can I help you?)
‡∞π‡∞æ‡∞Ø‡±ç!, ‡∞π‡∞æ‡∞Ø‡±ç! ‡∞Æ‡±Ä‡∞ï‡±Å ‡∞è‡∞Æ‡±Å‡∞Ç‡∞¶‡∞ø? (Hai! Meeku emundi? - Hi! What‚Äôs up?)
‡∞Æ‡∞æ‡∞§‡±ç‡∞∞‡∞æ‡∞≤‡±Å ‡∞Ö‡∞Ç‡∞¶‡∞∞‡∞ø‡∞ï‡±Ä, ‡∞Æ‡∞æ‡∞§‡±ç‡∞∞‡∞æ‡∞≤‡±Å ‡∞Ö‡∞Ç‡∞¶‡∞∞‡∞ø‡∞ï‡±Ä! ‡∞Æ‡±Ä‡∞∞‡±Å ‡∞é‡∞≤‡∞æ ‡∞â‡∞®‡±ç‡∞®‡∞æ‡∞∞‡±Å? (Maatraalu andariki, maatraalu andariki! Meeru ela unnaru? - Greetings everyone! How are you?)
‡∞®‡∞Æ‡∞∏‡±ç‡∞ï‡∞æ‡∞∞‡∞Ç!, ‡∞®‡∞Æ‡∞∏‡±ç‡∞ï‡∞æ‡∞∞‡∞Ç! ‡∞Æ‡±Ä‡∞∞‡±Å ‡∞é‡∞≤‡∞æ ‡∞â‡∞®‡±ç‡∞®‡∞æ‡∞∞‡±Å? (Namaskaram! Meeru ela unnaru? - Namaste! How are you?)
‡∞µ‡∞Ç‡∞¶‡∞®‡∞æ‡∞≤‡±Å!, ‡∞µ‡∞Ç‡∞¶‡∞®‡∞æ‡∞≤‡±Å! ‡∞Æ‡±Ä‡∞∞‡±Å ‡∞é‡∞≤‡∞æ ‡∞â‡∞®‡±ç‡∞®‡∞æ‡∞∞‡±Å? (Vandanaalu! Meeru ela unnaru? - Salutations! How are you?)
‡∞∂‡±Å‡∞≠‡±ã‡∞¶‡∞Ø‡∞Ç!, ‡∞∂‡±Å‡∞≠‡±ã‡∞¶‡∞Ø‡∞Ç! ‡∞Æ‡±Ä‡∞ï‡±Å ‡∞Ö‡∞¶‡±ç‡∞≠‡±Å‡∞§‡∞Æ‡±à‡∞® ‡∞∞‡±ã‡∞ú‡±Å ‡∞ï‡∞æ‡∞µ‡∞æ‡∞≤‡∞®‡∞ø ‡∞ï‡±ã‡∞∞‡±Å‡∞ï‡±Å‡∞Ç‡∞ü‡±Å‡∞®‡±ç‡∞®‡∞æ‡∞®‡±Å! (Shubhodayam! Meeku adbhutamainarozu kavalanikorukuntunnanu! - Good morning! Have a great day!)
‡∞∂‡±Å‡∞≠ ‡∞∏‡∞æ‡∞Ø‡∞Ç‡∞§‡±ç‡∞∞‡∞Ç!, ‡∞∂‡±Å‡∞≠ ‡∞∏‡∞æ‡∞Ø‡∞Ç‡∞§‡±ç‡∞∞‡∞Ç! ‡∞Æ‡±Ä ‡∞∞‡±ã‡∞ú‡±Å ‡∞é‡∞≤‡∞æ ‡∞â‡∞Ç‡∞¶‡∞ø? (Shubha saayantram! Mee roju ela undi? - Good evening! How was your day?)
‡∞∂‡±Å‡∞≠‡∞∞‡∞æ‡∞§‡±ç‡∞∞‡∞ø!, ‡∞∂‡±Å‡∞≠‡∞∞‡∞æ‡∞§‡±ç‡∞∞‡∞ø! ‡∞Æ‡±Ä‡∞ï‡±Å ‡∞Æ‡∞Ç‡∞ö‡∞ø ‡∞∞‡∞æ‡∞§‡±ç‡∞∞‡∞ø ‡∞ï‡∞æ‡∞µ‡∞æ‡∞≤‡∞®‡∞ø ‡∞ï‡±ã‡∞∞‡±Å‡∞ï‡±Å‡∞Ç‡∞ü‡±Å‡∞®‡±ç‡∞®‡∞æ‡∞®‡±Å! (Shubha raatri! Meeku manchi raatri kavalanikorukuntunnanu! - Good night! Have a good night!)
‡∞π‡∞æ‡∞Ø‡±ç ‡∞Æ‡∞ø‡∞§‡±ç‡∞∞‡∞Æ‡∞æ!, ‡∞π‡∞æ‡∞Ø‡±ç ‡∞Æ‡∞ø‡∞§‡±ç‡∞∞‡∞Æ‡∞æ! ‡∞Æ‡±Ä‡∞∞‡±Å ‡∞é‡∞≤‡∞æ ‡∞â‡∞®‡±ç‡∞®‡∞æ‡∞∞‡±Å? (Hai mitrama! Meeru ela unnaru? - Hi friend! How are you?)
‡∞π‡∞≤‡±ã ‡∞∏‡±ç‡∞®‡±á‡∞π‡∞ø‡∞§‡∞æ!, ‡∞π‡∞≤‡±ã ‡∞∏‡±ç‡∞®‡±á‡∞π‡∞ø‡∞§‡∞æ! ‡∞Æ‡±Ä‡∞ï‡±Å ‡∞∏‡∞π‡∞æ‡∞Ø‡∞Ç ‡∞ï‡∞æ‡∞µ‡∞æ‡∞≤‡∞æ? (Halo sneha! Meeku sahayam kavalaa? - Hello friend! Do you need help?)
‡∞π‡∞æ‡∞Ø‡±ç ‡∞∏‡∞∞‡±ç!, ‡∞π‡∞æ‡∞Ø‡±ç ‡∞∏‡∞∞‡±ç! ‡∞Æ‡±Ä‡∞∞‡±Å ‡∞é‡∞≤‡∞æ ‡∞â‡∞®‡±ç‡∞®‡∞æ‡∞∞‡±Å? (Hai sir! Meeru ela unnaru? - Hi sir! How are you?)
‡∞π‡∞≤‡±ã ‡∞Æ‡±á‡∞°‡∞Ç!, ‡∞π‡∞≤‡±ã ‡∞Æ‡±á‡∞°‡∞Ç! ‡∞Æ‡±Ä‡∞∞‡±Å ‡∞é‡∞≤‡∞æ ‡∞â‡∞®‡±ç‡∞®‡∞æ‡∞∞‡±Å? (Halo madam! Meeru ela unnaru? - Hello madam! How are you?)
‡∞π‡∞æ‡∞Ø‡±ç ‡∞¨‡∞æ‡∞∏‡±ç!, ‡∞π‡∞æ‡∞Ø‡±ç ‡∞¨‡∞æ‡∞∏‡±ç! ‡∞Æ‡±Ä‡∞ï‡±Å ‡∞è‡∞Æ‡±Å‡∞Ç‡∞¶‡∞ø? (Hai boss! Meeku emundi? - Hi boss! What‚Äôs up?)
‡∞π‡∞æ‡∞Ø‡±ç ‡∞∏‡±Ç‡∞™‡∞∞‡±ç‚Äå‡∞∏‡±ç‡∞ü‡∞æ‡∞∞‡±ç!, ‡∞π‡∞æ‡∞Ø‡±ç ‡∞∏‡±Ç‡∞™‡∞∞‡±ç‚Äå‡∞∏‡±ç‡∞ü‡∞æ‡∞∞‡±ç! ‡∞Æ‡±Ä‡∞ï‡±Å ‡∞∏‡∞π‡∞æ‡∞Ø‡∞Ç ‡∞ö‡±á‡∞Ø‡∞°‡∞æ‡∞®‡∞ø‡∞ï‡∞ø ‡∞®‡±á‡∞®‡±Å ‡∞á‡∞ï‡±ç‡∞ï‡∞° ‡∞â‡∞®‡±ç‡∞®‡∞æ‡∞®‡±Å! (Hai superstar! Meeku sahayam cheyadaniki nenu ikkada unnanu! - Hi superstar! I‚Äôm here to help you!)
‡∞π‡∞≤‡±ã ‡∞¨‡±Ü‡∞∏‡±ç‡∞ü‡±ç ‡∞´‡±ç‡∞∞‡±Ü‡∞Ç‡∞°‡±ç!, ‡∞π‡∞≤‡±ã ‡∞¨‡±Ü‡∞∏‡±ç‡∞ü‡±ç ‡∞´‡±ç‡∞∞‡±Ü‡∞Ç‡∞°‡±ç! ‡∞Æ‡±Ä ‡∞∞‡±ã‡∞ú‡±Å ‡∞é‡∞≤‡∞æ ‡∞â‡∞Ç‡∞¶‡∞ø? (Halo best friend! Mee roju ela undi? - Hello best friend! How‚Äôs your day?)
‡∞π‡∞æ‡∞Ø‡±ç ‡∞Æ‡∞ø‡∞§‡±ç‡∞∞‡∞Æ‡∞æ!, ‡∞π‡∞æ‡∞Ø‡±ç ‡∞Æ‡∞ø‡∞§‡±ç‡∞∞‡∞Æ‡∞æ! ‡∞Æ‡±Ä‡∞ï‡±Å ‡∞∏‡∞π‡∞æ‡∞Ø‡∞Ç ‡∞ï‡∞æ‡∞µ‡∞æ‡∞≤‡∞æ? (Hai mitrama! Meeku sahayam kavalaa? - Hi buddy! Do you need help?)
‡∞π‡∞≤‡±ã ‡∞™‡±ç‡∞∞‡∞ø‡∞Ø‡∞Æ‡∞æ!, ‡∞π‡∞≤‡±ã ‡∞™‡±ç‡∞∞‡∞ø‡∞Ø‡∞Æ‡∞æ! ‡∞Æ‡±Ä‡∞ï‡±Å ‡∞∏‡∞π‡∞æ‡∞Ø‡∞Ç ‡∞ï‡∞æ‡∞µ‡∞æ‡∞≤‡∞æ? (Halo priya! Meeku sahayam kavalaa? - Hello dear! Do you need help?)
‡∞π‡∞æ‡∞Ø‡±ç ‡∞™‡±ç‡∞∞‡∞æ‡∞£‡∞Æ‡∞æ!, ‡∞π‡∞æ‡∞Ø‡±ç ‡∞™‡±ç‡∞∞‡∞æ‡∞£‡∞Æ‡∞æ! ‡∞Æ‡±Ä‡∞∞‡±Å ‡∞é‡∞≤‡∞æ ‡∞â‡∞®‡±ç‡∞®‡∞æ‡∞∞‡±Å? (Hai pranama! Meeru ela unnaru? - Hi dear! How are you?)
‡∞π‡∞≤‡±ã ‡∞ó‡±å‡∞∞‡∞µ‡∞Æ‡∞æ!, ‡∞π‡∞≤‡±ã ‡∞ó‡±å‡∞∞‡∞µ‡∞Æ‡∞æ! ‡∞Æ‡±Ä‡∞∞‡±Å ‡∞é‡∞≤‡∞æ ‡∞â‡∞®‡±ç‡∞®‡∞æ‡∞∞‡±Å? (Halo gauravama! Meeru ela unnaru? - Hello respected one! How are you?)
‡∞π‡∞æ‡∞Ø‡±ç ‡∞∏‡∞§‡±ç‡∞Ø‡∞Æ‡∞æ!, ‡∞π‡∞æ‡∞Ø‡±ç ‡∞∏‡∞§‡±ç‡∞Ø‡∞Æ‡∞æ! ‡∞Æ‡±Ä‡∞ï‡±Å ‡∞∏‡∞π‡∞æ‡∞Ø‡∞Ç ‡∞ï‡∞æ‡∞µ‡∞æ‡∞≤‡∞æ? (Hai satyama! Meeku sahayam kavalaa? - Hi truth! Do you need help?)
‡∞π‡∞≤‡±ã ‡∞ß‡∞∞‡±ç‡∞Æ‡∞Æ‡∞æ!, ‡∞π‡∞≤‡±ã ‡∞ß‡∞∞‡±ç‡∞Æ‡∞Æ‡∞æ! ‡∞Æ‡±Ä‡∞∞‡±Å ‡∞é‡∞≤‡∞æ ‡∞â‡∞®‡±ç‡∞®‡∞æ‡∞∞‡±Å? (Halo dharmama! Meeru ela unnaru? - Hello righteousness! How are you?)
‡∞π‡∞æ‡∞Ø‡±ç ‡∞∂‡∞ï‡±ç‡∞§‡∞ø!, ‡∞π‡∞æ‡∞Ø‡±ç ‡∞∂‡∞ï‡±ç‡∞§‡∞ø! ‡∞Æ‡±Ä‡∞ï‡±Å ‡∞∏‡∞π‡∞æ‡∞Ø‡∞Ç ‡∞ï‡∞æ‡∞µ‡∞æ‡∞≤‡∞æ? (Hai shakti! Meeku sahayam kavalaa? - Hi strength! Do you need help?)
‡∞π‡∞≤‡±ã ‡∞µ‡∞ø‡∞ú‡∞Ø‡∞Ç!, ‡∞π‡∞≤‡±ã ‡∞µ‡∞ø‡∞ú‡∞Ø‡∞Ç! ‡∞Æ‡±Ä‡∞∞‡±Å ‡∞é‡∞≤‡∞æ ‡∞â‡∞®‡±ç‡∞®‡∞æ‡∞∞‡±Å? (Halo vijayam! Meeru ela unnaru? - Hello victory! How are you?)
‡∞π‡∞æ‡∞Ø‡±ç ‡∞Ü‡∞∂‡±Ä‡∞∞‡±ç‡∞µ‡∞æ‡∞¶‡∞Ç!, ‡∞π‡∞æ‡∞Ø‡±ç ‡∞Ü‡∞∂‡±Ä‡∞∞‡±ç‡∞µ‡∞æ‡∞¶‡∞Ç! ‡∞Æ‡±Ä‡∞ï‡±Å ‡∞∏‡∞π‡∞æ‡∞Ø‡∞Ç ‡∞ï‡∞æ‡∞µ‡∞æ‡∞≤‡∞æ? (Hai ashirvadam! Meeku sahayam kavalaa? - Hi blessing! Do you need help?)
‡∞π‡∞≤‡±ã ‡∞ï‡±ç‡∞∑‡∞Æ!, ‡∞π‡∞≤‡±ã ‡∞ï‡±ç‡∞∑‡∞Æ! ‡∞Æ‡±Ä‡∞∞‡±Å ‡∞é‡∞≤‡∞æ ‡∞â‡∞®‡±ç‡∞®‡∞æ‡∞∞‡±Å? (Halo kshama! Meeru ela unnaru? - Hello forgiveness! How are you?)
‡∞π‡∞æ‡∞Ø‡±ç ‡∞∏‡∞Ç‡∞ï‡∞≤‡±ç‡∞™‡∞Ç!, ‡∞π‡∞æ‡∞Ø‡±ç ‡∞∏‡∞Ç‡∞ï‡∞≤‡±ç‡∞™‡∞Ç! ‡∞Æ‡±Ä‡∞ï‡±Å ‡∞∏‡∞π‡∞æ‡∞Ø‡∞Ç ‡∞ï‡∞æ‡∞µ‡∞æ‡∞≤‡∞æ? (Hai sankalpam! Meeku sahayam kavalaa? - Hi determination! Do you need help?)
‡∞π‡∞≤‡±ã ‡∞ú‡±ç‡∞û‡∞æ‡∞®‡∞Ç!, ‡∞π‡∞≤‡±ã ‡∞ú‡±ç‡∞û‡∞æ‡∞®‡∞Ç! ‡∞Æ‡±Ä‡∞∞‡±Å ‡∞é‡∞≤‡∞æ ‡∞â‡∞®‡±ç‡∞®‡∞æ‡∞∞‡±Å? (Halo jnanam! Meeru ela unnaru? - Hello knowledge! How are you?)
‡∞π‡∞æ‡∞Ø‡±ç ‡∞µ‡∞ø‡∞®‡∞Ø‡∞Ç!, ‡∞π‡∞æ‡∞Ø‡±ç ‡∞µ‡∞ø‡∞®‡∞Ø‡∞Ç! ‡∞Æ‡±Ä‡∞ï‡±Å ‡∞∏‡∞π‡∞æ‡∞Ø‡∞Ç ‡∞ï‡∞æ‡∞µ‡∞æ‡∞≤‡∞æ? (Hai vinayam! Meeku sahayam kavalaa? - Hi humility! Do you need help?)
‡∞π‡∞≤‡±ã ‡∞∂‡∞æ‡∞Ç‡∞§‡∞ø!, ‡∞π‡∞≤‡±ã ‡∞∂‡∞æ‡∞Ç‡∞§‡∞ø! ‡∞Æ‡±Ä‡∞∞‡±Å ‡∞é‡∞≤‡∞æ ‡∞â‡∞®‡±ç‡∞®‡∞æ‡∞∞‡±Å? (Halo shanti! Meeru ela unnaru? - Hello peace! How are you?)
‡∞π‡∞æ‡∞Ø‡±ç ‡∞®‡∞ø‡∞∞‡±ç‡∞Æ‡∞≤!, ‡∞π‡∞æ‡∞Ø‡±ç ‡∞®‡∞ø‡∞∞‡±ç‡∞Æ‡∞≤! ‡∞Æ‡±Ä‡∞ï‡±Å ‡∞∏‡∞π‡∞æ‡∞Ø‡∞Ç ‡∞ï‡∞æ‡∞µ‡∞æ‡∞≤‡∞æ? (Hai nirmala! Meeku sahayam kavalaa? - Hi purity! Do you need help?)
‡∞π‡∞≤‡±ã ‡∞¶‡∞Ø!, ‡∞π‡∞≤‡±ã ‡∞¶‡∞Ø! ‡∞Æ‡±Ä‡∞∞‡±Å ‡∞é‡∞≤‡∞æ ‡∞â‡∞®‡±ç‡∞®‡∞æ‡∞∞‡±Å? (Halo daya! Meeru ela unnaru? - Hello kindness! How are you?)
‡∞π‡∞æ‡∞Ø‡±ç ‡∞™‡±ç‡∞∞‡∞∂‡∞æ‡∞Ç‡∞§‡∞ø!, ‡∞π‡∞æ‡∞Ø‡±ç ‡∞™‡±ç‡∞∞‡∞∂‡∞æ‡∞Ç‡∞§‡∞ø! ‡∞Æ‡±Ä‡∞ï‡±Å ‡∞∏‡∞π‡∞æ‡∞Ø‡∞Ç ‡∞ï‡∞æ‡∞µ‡∞æ‡∞≤‡∞æ? (Hai prashanti! Meeku sahayam kavalaa? - Hi tranquility! Do you need help?)
‡∞π‡∞≤‡±ã ‡∞Ü‡∞§‡±ç‡∞Æ‡∞µ‡∞ø‡∞∂‡±ç‡∞µ‡∞æ‡∞∏‡∞Ç!, ‡∞π‡∞≤‡±ã ‡∞Ü‡∞§‡±ç‡∞Æ‡∞µ‡∞ø‡∞∂‡±ç‡∞µ‡∞æ‡∞∏‡∞Ç! ‡∞Æ‡±Ä‡∞∞‡±Å ‡∞é‡∞≤‡∞æ ‡∞â‡∞®‡±ç‡∞®‡∞æ‡∞∞‡±Å? (Halo atmaviswasam! Meeru ela unnaru? - Hello self-confidence! How are you?)
‡∞π‡∞æ‡∞Ø‡±ç ‡∞ß‡±à‡∞∞‡±ç‡∞Ø‡∞Ç!, ‡∞π‡∞æ‡∞Ø‡±ç ‡∞ß‡±à‡∞∞‡±ç‡∞Ø‡∞Ç! ‡∞Æ‡±Ä‡∞ï‡±Å ‡∞∏‡∞π‡∞æ‡∞Ø‡∞Ç ‡∞ï‡∞æ‡∞µ‡∞æ‡∞≤‡∞æ? (Hai dhairyam! Meeku sahayam kavalaa? - Hi courage! Do you need help?)
‡∞π‡∞≤‡±ã ‡∞∏‡∞æ‡∞Æ‡∞∞‡±ç‡∞•‡±ç‡∞Ø‡∞Ç!, ‡∞π‡∞≤‡±ã ‡∞∏‡∞æ‡∞Æ‡∞∞‡±ç‡∞•‡±ç‡∞Ø‡∞Ç! ‡∞Æ‡±Ä‡∞∞‡±Å ‡∞é‡∞≤‡∞æ ‡∞â‡∞®‡±ç‡∞®‡∞æ‡∞∞‡±Å? (Halo samarthyam! Meeru ela unnaru? - Hello ability! How are you?)
